run,class_weight,C,fold,threshold,n_samples,AP,PR_AUC,ROC_AUC,Brier,precision,recall,F1,predicted_positive,precision_defined,TN,FP,FN,TP
B1_C0.1,none,0.1,0,0.5,378,0.6780005950970324,0.6754672175850046,0.906434302109346,0.08460919338871566,0.5952380952380952,0.423728813559322,0.49504950495049505,42,True,302,17,34,25
B1_C0.1,none,0.1,1,0.5,378,0.6986184968078869,0.6948778422044445,0.9046121593291405,0.08014082283660724,0.8846153846153846,0.38333333333333336,0.5348837209302325,26,True,315,3,37,23
B1_C0.1,none,0.1,2,0.5,378,0.8249630490476058,0.8236333058159362,0.9467615960894745,0.061001215975143644,0.8648648648648649,0.5423728813559322,0.6666666666666666,37,True,314,5,27,32
B1_C0.1,none,0.1,3,0.5,378,0.672720145011108,0.6667598410011174,0.9218426226024122,0.07886030921293735,0.9444444444444444,0.288135593220339,0.44155844155844154,18,True,318,1,42,17
B1_C0.1,none,0.1,4,0.5,378,0.77380851309219,0.770981568511581,0.9441823899371069,0.0703918522887187,0.8846153846153846,0.38333333333333336,0.5348837209302325,26,True,315,3,37,23
B1_C1,none,1.0,0,0.5,378,0.6967982023516377,0.694485575572702,0.9112693268157909,0.08521852988970162,0.6,0.4576271186440678,0.5192307692307693,45,True,301,18,32,27
B1_C1,none,1.0,1,0.5,378,0.7084310900962307,0.7049039549612219,0.9084381551362684,0.07841138650534746,0.8064516129032258,0.4166666666666667,0.5494505494505495,31,True,312,6,35,25
B1_C1,none,1.0,2,0.5,378,0.8447208041278194,0.8435276675024012,0.9520216779129695,0.05701917977822198,0.8780487804878049,0.6101694915254238,0.72,41,True,314,5,23,36
B1_C1,none,1.0,3,0.5,378,0.6929243942226585,0.6886536555439373,0.9255087402369693,0.0762959165700202,0.85,0.288135593220339,0.43037974683544306,20,True,316,3,42,17
B1_C1,none,1.0,4,0.5,378,0.7858906356017022,0.7832672026657445,0.9478511530398324,0.06618983754142242,0.896551724137931,0.43333333333333335,0.5842696629213483,29,True,315,3,34,26
B1_C10,none,10.0,0,0.5,378,0.7075794403773565,0.7053985217612141,0.9139790659369852,0.0846125938263091,0.6,0.4576271186440678,0.5192307692307693,45,True,301,18,32,27
B1_C10,none,10.0,1,0.5,378,0.7075958580082258,0.7040308593709539,0.9099056603773585,0.07898925329446568,0.78125,0.4166666666666667,0.5434782608695652,32,True,311,7,35,25
B1_C10,none,10.0,2,0.5,378,0.8508830653333197,0.8497066710249106,0.9531905849848573,0.056111039598740496,0.8837209302325582,0.6440677966101694,0.7450980392156863,43,True,314,5,21,38
B1_C10,none,10.0,3,0.5,378,0.7040800375452188,0.6998912925518292,0.9295999149885765,0.07525780516898065,0.72,0.3050847457627119,0.42857142857142855,25,True,312,7,41,18
B1_C10,none,10.0,4,0.5,378,0.8056487057333455,0.8032892524838647,0.9518867924528301,0.06416659137844659,0.8571428571428571,0.4,0.5454545454545454,28,True,314,4,36,24
M1_C0.1,balanced,0.1,0,0.5,378,0.6687729791091321,0.666156735007936,0.9052653950374581,0.14086615982999756,0.4126984126984127,0.8813559322033898,0.5621621621621622,126,True,245,74,7,52
M1_C0.1,balanced,0.1,1,0.5,378,0.6868535289244674,0.6827515024816909,0.9092243186582809,0.11029502872645788,0.5051546391752577,0.8166666666666667,0.6242038216560509,97,True,270,48,11,49
M1_C0.1,balanced,0.1,2,0.5,378,0.8253940281092539,0.8240310725606208,0.9501620530258753,0.11316361841150223,0.4909090909090909,0.9152542372881356,0.6390532544378699,110,True,263,56,5,54
M1_C0.1,balanced,0.1,3,0.5,378,0.6780664203432599,0.672147944888942,0.9246054938632379,0.11059750550552075,0.4818181818181818,0.8983050847457628,0.6272189349112426,110,True,262,57,6,53
M1_C0.1,balanced,0.1,4,0.5,378,0.7519221384514355,0.748797689574211,0.9421383647798742,0.09791936962810122,0.5092592592592593,0.9166666666666666,0.6547619047619048,108,True,265,53,5,55
M1_C1,balanced,1.0,0,0.5,378,0.6850342237497331,0.6825785968810719,0.909462834068328,0.13797923721601532,0.4146341463414634,0.864406779661017,0.5604395604395604,123,True,247,72,8,51
M1_C1,balanced,1.0,1,0.5,378,0.7003426016755903,0.6965381966383469,0.9128930817610063,0.1073847513866925,0.5212765957446809,0.8166666666666667,0.6363636363636364,94,True,273,45,11,49
M1_C1,balanced,1.0,2,0.5,378,0.8488787894804908,0.8477713726303056,0.9557940598267892,0.11056252873863957,0.48672566371681414,0.9322033898305084,0.6395348837209303,113,True,261,58,4,55
M1_C1,balanced,1.0,3,0.5,378,0.6930022443793625,0.6883993348368149,0.9281653472185325,0.10651695109473687,0.5047619047619047,0.8983050847457628,0.6463414634146342,105,True,267,52,6,53
M1_C1,balanced,1.0,4,0.5,378,0.7770351960763794,0.7743792045445883,0.9469077568134172,0.09311046386745313,0.5339805825242718,0.9166666666666666,0.6748466257668712,103,True,270,48,5,55
M1_C10,balanced,10.0,0,0.5,378,0.697347905295267,0.6950168123726338,0.9130226874236226,0.13583834095062466,0.4297520661157025,0.8813559322033898,0.5777777777777777,121,True,250,69,7,52
M1_C10,balanced,10.0,1,0.5,378,0.7068534180308036,0.7032325482460104,0.9146750524109014,0.10697908724309288,0.5104166666666666,0.8166666666666667,0.6282051282051282,96,True,271,47,11,49
M1_C10,balanced,10.0,2,0.5,378,0.8498371675495203,0.8486605478793474,0.9556346634078955,0.10921987653761858,0.5092592592592593,0.9322033898305084,0.6586826347305389,108,True,266,53,4,55
M1_C10,balanced,10.0,3,0.5,378,0.6965428497751759,0.6918272453701552,0.9300249721056266,0.10511537399763161,0.5096153846153846,0.8983050847457628,0.6503067484662577,104,True,268,51,6,53
M1_C10,balanced,10.0,4,0.5,378,0.7923080034295272,0.7897691252211856,0.9503144654088052,0.09164412938474024,0.55,0.9166666666666666,0.6875,100,True,273,45,5,55

