model,bin,count,mean_probability,observed_churn_rate
B1_C1,0,406,0.01839981431923693,0.012315270935960592
B1_C1,1,46,0.14177297624780502,0.21739130434782608
B1_C1,2,50,0.2517216871716571,0.22
B1_C1,3,64,0.3528538370450359,0.3125
B1_C1,4,15,0.44319198907876856,0.6
B1_C1,5,4,0.5540306566382072,1.0
B1_C1,6,2,0.6371986178418922,1.0
B1_C1,7,3,0.7489756671291675,1.0
B1_C1,8,8,0.8697662783572514,0.875
B1_C1,9,32,0.9606182170123152,0.875
M1_C1,0,293,0.02335920016219741,0.0
M1_C1,1,57,0.14815609174168876,0.017543859649122806
M1_C1,2,44,0.23268199446304044,0.022727272727272728
M1_C1,3,22,0.35069464368578446,0.22727272727272727
M1_C1,4,22,0.4400739321652792,0.22727272727272727
M1_C1,5,26,0.5527242559766337,0.15384615384615385
M1_C1,6,36,0.6503732646009137,0.25
M1_C1,7,69,0.7492202143242246,0.34782608695652173
M1_C1,8,14,0.8436579729056871,0.5714285714285714
M1_C1,9,47,0.9815672392941864,0.8936170212765957
candidate_selected_by_train_CV,0,414,0.016606094964082833,0.014492753623188406
candidate_selected_by_train_CV,1,37,0.14014119860330906,0.21621621621621623
candidate_selected_by_train_CV,2,45,0.2520736781612197,0.24444444444444444
candidate_selected_by_train_CV,3,67,0.35476769467439906,0.29850746268656714
candidate_selected_by_train_CV,4,15,0.4448688676932803,0.5333333333333333
candidate_selected_by_train_CV,5,8,0.5542035314644038,0.875
candidate_selected_by_train_CV,6,1,0.6931106402165396,1.0
candidate_selected_by_train_CV,7,2,0.7411411736742821,1.0
candidate_selected_by_train_CV,8,3,0.8326404927145203,0.6666666666666666
candidate_selected_by_train_CV,9,38,0.961184360611408,0.8947368421052632
