feature,coefficient,abs_coefficient,direction
Frequency of SMS,-4.486305667585526,4.486305667585526,negative
Customer Value,3.3239352207855237,3.3239352207855237,positive
Frequency of use,-2.976709093848618,2.976709093848618,negative
Age Group_1,-2.7476816789506286,2.7476816789506286,negative
Complains_0,-2.325203601622274,2.325203601622274,negative
Age Group_5,-1.7248987612426554,1.7248987612426554,negative
Age Group_2,1.5362929126851,1.5362929126851,positive
Complains_1,1.5110519548931574,1.5110519548931574,positive
Age Group_3,1.2699577721626902,1.2699577721626902,positive
Call  Failure,0.9759262435119809,0.9759262435119809,positive
Status_1,-0.9504284155344128,0.9504284155344128,negative
Age Group_4,0.8521781086163533,0.8521781086163533,positive
Tariff Plan_1,-0.7131110704116236,0.7131110704116236,negative
Charge  Amount,-0.6455437366344682,0.6455437366344682,negative
Seconds of Use,0.547563002724466,0.547563002724466,positive
Age,0.45178292420869853,0.45178292420869853,positive
Subscription  Length,-0.19554213188236597,0.19554213188236597,negative
Status_2,0.13627676880528458,0.13627676880528458,positive
Distinct Called Numbers,-0.12058053981449482,0.12058053981449482,negative
Tariff Plan_2,-0.10104057631751318,0.10104057631751318,negative

