column_name,data_type,description,unit,role,available_at,valid_values_or_rules,missing_policy,notes
"Call  Failure",integer,UNKNOWN - NEED VERIFICATION,count,feature,observation_window,">=0",no_missing,"Column name contains 2 spaces; authoritative definition pending."
Complains,integer,UNKNOWN - NEED VERIFICATION,count,feature,observation_window,"0-1 (observed range)",no_missing,Authoritative definition pending
"Subscription  Length",integer,UNKNOWN - NEED VERIFICATION,months,feature,observation_window,">=0",no_missing,"Column name contains 2 spaces; unit and definition require authoritative verification."
"Charge  Amount",integer,UNKNOWN - NEED VERIFICATION,currency,feature,observation_window,">=0",no_missing,"Column name contains 2 spaces. Aggregation definition requires authoritative verification."
Seconds of Use,integer,UNKNOWN - NEED VERIFICATION,seconds,feature,observation_window,">=0",no_missing,Authoritative definition and aggregation interval pending
Frequency of use,integer,UNKNOWN - NEED VERIFICATION,count,feature,observation_window,">=0",no_missing,Authoritative definition and aggregation interval pending
Frequency of SMS,integer,UNKNOWN - NEED VERIFICATION,count,feature,observation_window,">=0",no_missing,Authoritative definition and aggregation interval pending
Distinct Called Numbers,integer,UNKNOWN - NEED VERIFICATION,count,feature,observation_window,">=0",no_missing,Authoritative definition and aggregation interval pending
Age Group,integer,UNKNOWN - NEED VERIFICATION,ordinal_category,feature,static,"1-5 (observed)",no_missing,"Ordinal categorical. Distribution: 3(45.2%), 2(32.9%), 4(12.5%), 5(5.4%), 1(3.9%)"
Tariff Plan,integer,UNKNOWN - NEED VERIFICATION,nominal_category,feature,static,"1-2 (observed)",no_missing,"Nominal categorical. Distribution: 1(92.2%), 2(7.8%). Highly imbalanced."
Status,integer,UNKNOWN - NEED VERIFICATION,nominal_category,feature,UNKNOWN,"1-2 (observed)",no_missing,"PENDING VERIFICATION. Meaning and availability before prediction point are unknown; excluded from default model features."
Age,integer,UNKNOWN - NEED VERIFICATION,years,feature,static,">=0",no_missing,"Reference date and definition pending; may be redundant with Age Group."
Customer Value,float,UNKNOWN - NEED VERIFICATION,UNKNOWN,feature,UNKNOWN,">=0 (observed)",no_missing,"PENDING VERIFICATION. Formula and calculation window are unknown; excluded from default model features."
Churn,integer,Target variable indicating customer churn status,binary,target,outcome_window,"0 (no churn), 1 (churn)",no_missing,"Binary target. Distribution: 0(84.3%), 1(15.7%). Moderate class imbalance."
